n,ID,ID_next,length,area,lake,endorheic,S_0,S_max,Coeff,power,lake_type,slope,target_vol,lake_type_for_target_vol
0,3000119,3040310.0,2270.535595647796,248338101.2316185,0.0,0.0,1000000.0,1242690506.1580925,0.01,1.5,0.0,0.0001,0.0,0.0
1,3000137,3018492.0,832.6791695253473,248724090.75191203,0.0,0.0,1000000.0,1244620453.75956,0.01,1.5,0.0,0.0001,0.0,0.0
2,3000366,3035220.0,4497.020673475584,252833226.1827274,0.0,0.0,1000000.0,1265166130.913637,0.01,1.5,0.0,0.0001,0.0,0.0
3,3000378,3040306.0,3939.9151901066753,251258775.54080397,0.0,0.0,1000000.0,1257293877.7040198,0.01,1.5,0.0,0.0001,0.0,0.0
4,3000599,3022734.0,2102.884094883997,253978991.831802,0.0,0.0,1000000.0,1270894959.15901,0.01,1.5,0.0,0.0001,0.0,0.0
5,3000823,3016903.0,5255.541560880757,257606511.32256573,0.0,0.0,1000000.0,1289032556.6128287,0.01,1.5,0.0,0.0001,0.0,0.0
6,3000951,3029734.0,4149.745089242823,259515281.35550368,0.0,0.0,1000000.0,1298576406.7775183,0.01,1.5,0.0,0.0001,0.0,0.0
7,3001129,3022211.0,1099.0804739401426,258815284.23735023,0.0,0.0,1000000.0,1295076421.1867511,0.01,1.5,0.0,0.0001,0.0,0.0
8,3001373,3029878.0,5514.286754304897,262789580.0543938,0.0,0.0,1000000.0,1314947900.271969,0.01,1.5,0.0,0.0001,0.0,0.0
9,3001382,3021869.0,4915.420925600491,263080348.82209736,0.0,0.0,1000000.0,1316401744.1104867,0.01,1.5,0.0,0.0001,0.0,0.0
10,3001424,3030291.0,6385.911400030455,263588360.21745425,0.0,0.0,1000000.0,1318941801.0872712,0.01,1.5,0.0,0.0001,0.0,0.0
11,3001551,3024313.0,8739.636041206912,262970824.6201381,0.0,0.0,1000000.0,1315854123.1006906,0.01,1.5,0.0,0.0001,0.0,0.0
12,3001624,3016903.0,4465.106295512504,267191519.03765643,0.0,0.0,1000000.0,1336957595.188282,0.01,1.5,0.0,0.0001,0.0,0.0
13,3002215,3031309.0,8844.819654837771,272869194.0951593,0.0,0.0,1000000.0,1365345970.4757965,0.01,1.5,0.0,0.0001,0.0,0.0
14,3002330,3022519.0,4410.798999896917,272609056.3748982,0.0,0.0,1000000.0,1364045281.874491,0.01,1.5,0.0,0.0001,0.0,0.0
15,3002392,3035381.0,3415.6917036312807,275749736.2582427,0.0,0.0,1000000.0,1379748681.2912135,0.01,1.5,0.0,0.0001,0.0,0.0
16,3002411,3033917.0,10667.593305310422,272515829.29323685,0.0,0.0,1000000.0,1363579146.4661841,0.01,1.5,0.0,0.0001,0.0,0.0
17,3002458,3034036.0,12301.09662108136,273232313.5562344,0.0,0.0,1000000.0,1367161567.781172,0.01,1.5,0.0,0.0001,0.0,0.0
18,3002480,3029533.0,6295.087448947505,275500930.66439915,0.0,0.0,1000000.0,1378504653.3219957,0.01,1.5,0.0,0.0001,0.0,0.0
19,3002533,3033235.0,7909.081965095158,275355502.0365386,0.0,0.0,1000000.0,1377777510.182693,0.01,1.5,0.0,0.0001,0.0,0.0
20,3002701,3025785.0,6744.570788697607,278880106.0794848,0.0,0.0,1000000.0,1395400530.3974242,0.01,1.5,0.0,0.0001,0.0,0.0
21,3002710,3040953.0,11005.734125933885,276129650.5037,0.0,0.0,1000000.0,1381648252.5185,0.01,1.5,0.0,0.0001,0.0,0.0
22,3002737,3044475.0,9525.664229308342,280248379.48555243,0.0,0.0,1000000.0,1402241897.427762,0.01,1.5,0.0,0.0001,0.0,0.0
23,3002739,3039513.0,9905.953924588432,277019094.07914054,0.0,0.0,1000000.0,1386095470.3957028,0.01,1.5,0.0,0.0001,0.0,0.0
24,3002801,3027966.0,4050.408470075092,278952358.34990203,0.0,0.0,1000000.0,1395761791.7495103,0.01,1.5,0.0,0.0001,0.0,0.0
25,3002958,7006293.0,6648.245333153359,275125012.54742897,0.0,0.0,1000000.0,1376625062.737145,0.01,1.5,0.0,0.0001,0.0,0.0
26,3002966,3031796.0,3231.800852455575,282932059.5165767,0.0,0.0,1000000.0,1415660297.5828836,0.01,1.5,0.0,0.0001,0.0,0.0
27,3002986,3027963.0,6428.64035153754,280716121.6973747,0.0,0.0,1000000.0,1404580608.4868736,0.01,1.5,0.0,0.0001,0.0,0.0
28,3003132,7000700.0,1.0,261553475.7725765,0.0,0.0,1000000.0,1308767378.8628826,0.01,1.5,0.0,0.0001,0.0,0.0
29,3003242,3038060.0,13773.57001443914,284419627.2200284,0.0,0.0,1000000.0,1423098136.100142,0.01,1.5,0.0,0.0001,0.0,0.0
30,3003295,3033617.0,7401.224199629725,286991053.51874614,0.0,0.0,1000000.0,1435955267.5937307,0.01,1.5,0.0,0.0001,0.0,0.0
31,3003299,3033330.0,8539.410163904657,282704218.13955736,0.0,0.0,1000000.0,1414521090.6977868,0.01,1.5,0.0,0.0001,0.0,0.0
32,3003300,3040246.0,16651.819667074356,283997604.6742399,0.0,0.0,1000000.0,1420988023.3711994,0.01,1.5,0.0,0.0001,0.0,0.0
33,3003360,3028231.0,14166.485953460757,283389655.87765414,0.0,0.0,1000000.0,1417948279.3882706,0.01,1.5,0.0,0.0001,0.0,0.0
34,3003546,3021763.0,13770.998775992768,289737803.65280795,0.0,0.0,1000000.0,1449689018.2640398,0.01,1.5,0.0,0.0001,0.0,0.0
35,3003575,3040257.0,18836.975536584352,287100190.1937286,0.0,0.0,1000000.0,1436500950.9686432,0.01,1.5,0.0,0.0001,0.0,0.0
36,3003621,7007701.0,1942.273601730769,287492263.5205042,0.0,0.0,1000000.0,1438461317.602521,0.01,1.5,0.0,0.0001,0.0,0.0
37,3003677,3025695.0,12242.473824332605,291401386.9460061,0.0,0.0,1000000.0,1458006934.7300305,0.01,1.5,0.0,0.0001,0.0,0.0
38,3003748,3044204.0,4870.207803422086,292705732.5603494,0.0,0.0,1000000.0,1464528662.801747,0.01,1.5,0.0,0.0001,0.0,0.0
39,3003885,3025430.0,14775.16866496782,292650786.3004188,0.0,0.0,1000000.0,1464253931.502094,0.01,1.5,0.0,0.0001,0.0,0.0
40,3003901,3025695.0,6746.644990095531,291308125.486222,0.0,0.0,1000000.0,1457540627.4311101,0.01,1.5,0.0,0.0001,0.0,0.0
41,3003914,3026720.0,5796.506493703817,290235336.90347296,0.0,0.0,1000000.0,1452176684.5173647,0.01,1.5,0.0,0.0001,0.0,0.0
42,3003975,3019059.0,6185.9805933319885,292536428.34232765,0.0,0.0,1000000.0,1463682141.7116382,0.01,1.5,0.0,0.0001,0.0,0.0
43,3004146,7007291.0,1.0,284292945.6335909,0.0,0.0,1000000.0,1422464728.1679544,0.01,1.5,0.0,0.0001,0.0,0.0
44,3004285,7000653.0,15135.1839410159,299062225.8208818,0.0,0.0,1000000.0,1496311129.104409,0.01,1.5,0.0,0.0001,0.0,0.0
45,3004404,3032173.0,8083.542003840842,301822137.4509244,0.0,0.0,1000000.0,1510110687.254622,0.01,1.5,0.0,0.0001,0.0,0.0
46,3004506,3033198.0,1458.5588426059012,302241607.32328296,0.0,0.0,1000000.0,1512208036.6164148,0.01,1.5,0.0,0.0001,0.0,0.0
47,3004507,3034605.0,15272.336825119974,299272674.7490567,0.0,0.0,1000000.0,1497363373.7452836,0.01,1.5,0.0,0.0001,0.0,0.0
48,3004759,7000653.0,1.0,294113602.0547967,0.0,0.0,1000000.0,1471568010.2739835,0.01,1.5,0.0,0.0001,0.0,0.0
49,3004838,3028986.0,21132.567139898736,305871503.4731226,0.0,0.0,1000000.0,1530357517.365613,0.01,1.5,0.0,0.0001,0.0,0.0
50,3004841,7000591.0,605.7576231507783,297669999.4287883,0.0,0.0,1000000.0,1489349997.1439414,0.01,1.5,0.0,0.0001,0.0,0.0
51,3005091,3033892.0,18555.798409825285,306469388.5335934,0.0,0.0,1000000.0,1533346942.667967,0.01,1.5,0.0,0.0001,0.0,0.0
52,3005131,3025082.0,20362.628240245034,307571992.068184,0.0,0.0,1000000.0,1538859960.34092,0.01,1.5,0.0,0.0001,0.0,0.0
53,3005144,3020823.0,17296.36805685389,311613989.1302712,0.0,0.0,1000000.0,1559069945.651356,0.01,1.5,0.0,0.0001,0.0,0.0
54,3005411,3028224.0,21317.908454848555,312673117.3949433,0.0,0.0,1000000.0,1564365586.9747164,0.01,1.5,0.0,0.0001,0.0,0.0
55,3005655,7000636.0,6608.917725115453,311097105.3555388,0.0,0.0,1000000.0,1556485526.777694,0.01,1.5,0.0,0.0001,0.0,0.0
56,3005768,3044492.0,11685.751033033035,322067009.38631546,0.0,0.0,1000000.0,1611335046.9315772,0.01,1.5,0.0,0.0001,0.0,0.0
57,3005997,3021339.0,22763.99959873862,326348301.96887106,0.0,0.0,1000000.0,1632741509.8443553,0.01,1.5,0.0,0.0001,0.0,0.0
58,3006179,3025187.0,1373.0323063985738,328003492.32503194,0.0,0.0,1000000.0,1641017461.6251597,0.01,1.5,0.0,0.0001,0.0,0.0
59,3006211,3027655.0,16377.577797387406,327551748.1399957,0.0,0.0,1000000.0,1638758740.6999784,0.01,1.5,0.0,0.0001,0.0,0.0
60,3006245,3031464.0,15764.146758201654,326656597.5610209,0.0,0.0,1000000.0,1634282987.8051045,0.01,1.5,0.0,0.0001,0.0,0.0
61,3006316,3038805.0,3474.379202183716,326817034.3421889,0.0,0.0,1000000.0,1635085171.7109444,0.01,1.5,0.0,0.0001,0.0,0.0
62,3006379,3025269.0,6849.9694241142615,330469797.3897805,0.0,0.0,1000000.0,1653348986.9489026,0.01,1.5,0.0,0.0001,0.0,0.0
63,3006403,3021760.0,16752.605825020968,330725486.64893544,0.0,0.0,1000000.0,1654627433.244677,0.01,1.5,0.0,0.0001,0.0,0.0
64,3006509,3030476.0,4042.6083651467898,331474704.69973564,0.0,0.0,1000000.0,1658373523.4986782,0.01,1.5,0.0,0.0001,0.0,0.0
65,3006522,7007482.0,2468.5087002063274,324516205.45003986,0.0,0.0,1000000.0,1623581027.2501993,0.01,1.5,0.0,0.0001,0.0,0.0
66,3006530,3021918.0,996.3238545771048,334419630.052537,0.0,0.0,1000000.0,1673098150.262685,0.01,1.5,0.0,0.0001,0.0,0.0
67,3006631,3025112.0,8857.887440798318,335073823.6943904,0.0,0.0,1000000.0,1676369118.471952,0.01,1.5,0.0,0.0001,0.0,0.0
68,3006721,3023717.0,9541.029466323978,336241081.9752432,0.0,0.0,1000000.0,1682205409.876216,0.01,1.5,0.0,0.0001,0.0,0.0
69,3006884,3028371.0,11119.0446968147,338017316.3664772,0.0,0.0,1000000.0,1691086581.832386,0.01,1.5,0.0,0.0001,0.0,0.0
70,3007047,3028633.0,18602.38146499677,341921098.37866724,0.0,0.0,1000000.0,1710605491.8933363,0.01,1.5,0.0,0.0001,0.0,0.0
71,3007173,3034147.0,14336.844567952405,341488040.7425304,0.0,0.0,1000000.0,1708440203.712652,0.01,1.5,0.0,0.0001,0.0,0.0
72,3007258,3022211.0,13372.49800642322,343104595.74043787,0.0,0.0,1000000.0,1716522978.7021894,0.01,1.5,0.0,0.0001,0.0,0.0
73,3007374,3021763.0,13475.694816656674,349093226.742612,0.0,0.0,1000000.0,1746466133.71306,0.01,1.5,0.0,0.0001,0.0,0.0
74,3007455,7000591.0,1.0,339195536.1512937,0.0,0.0,1000000.0,1696977680.7564685,0.01,1.5,0.0,0.0001,0.0,0.0
75,3007479,3029513.0,23634.82229138617,351078649.1804358,0.0,0.0,1000000.0,1756393245.9021788,0.01,1.5,0.0,0.0001,0.0,0.0
76,3007560,3031528.0,16582.72848409081,352586029.5685408,0.0,0.0,1000000.0,1763930147.842704,0.01,1.5,0.0,0.0001,0.0,0.0
77,3007642,3032971.0,18637.33077220121,352976506.2832461,0.0,0.0,1000000.0,1765882531.4162304,0.01,1.5,0.0,0.0001,0.0,0.0
78,3007649,3020823.0,11934.650516802045,351758612.1434697,0.0,0.0,1000000.0,1759793060.7173486,0.01,1.5,0.0,0.0001,0.0,0.0
79,3007744,3028089.0,6312.610913583489,352091341.78160733,0.0,0.0,1000000.0,1761456708.9080367,0.01,1.5,0.0,0.0001,0.0,0.0
80,3007816,3040262.0,18951.167374592063,351000701.173211,0.0,0.0,1000000.0,1756003505.866055,0.01,1.5,0.0,0.0001,0.0,0.0
81,3007875,3026061.0,6029.437137055204,354195422.26992947,0.0,0.0,1000000.0,1771977111.3496473,0.01,1.5,0.0,0.0001,0.0,0.0
82,3008115,3018492.0,17746.139096606057,358285572.85797656,0.0,0.0,1000000.0,1792427864.2898827,0.01,1.5,0.0,0.0001,0.0,0.0
83,3008289,7000579.0,11859.657022625212,355445037.74341047,0.0,0.0,1000000.0,1778225188.7170525,0.01,1.5,0.0,0.0001,0.0,0.0
84,3008371,7007482.0,16985.810892439284,364052807.2037437,0.0,0.0,1000000.0,1821264036.0187185,0.01,1.5,0.0,0.0001,0.0,0.0
85,3008491,3025025.0,28384.551087910622,364540546.0787064,0.0,0.0,1000000.0,1823702730.3935318,0.01,1.5,0.0,0.0001,0.0,0.0
86,3008739,3025722.0,11158.605293358094,367970199.0501999,0.0,0.0,1000000.0,1840850995.2509997,0.01,1.5,0.0,0.0001,0.0,0.0
87,3008744,7007230.0,15892.31361936129,370665582.65656114,0.0,0.0,1000000.0,1854327913.2828057,0.01,1.5,0.0,0.0001,0.0,0.0
88,3008907,3030622.0,22398.88134239403,375449727.5858153,0.0,0.0,1000000.0,1878248637.9290767,0.01,1.5,0.0,0.0001,0.0,0.0
89,3008938,3021760.0,27397.11445166755,375319982.839187,0.0,0.0,1000000.0,1877599914.1959352,0.01,1.5,0.0,0.0001,0.0,0.0
90,3008984,3044061.0,25169.485502696723,375012394.4912221,0.0,0.0,1000000.0,1876061972.4561105,0.01,1.5,0.0,0.0001,0.0,0.0
91,3009043,3019059.0,15326.843605505825,375971549.2954431,0.0,0.0,1000000.0,1880857746.4772155,0.01,1.5,0.0,0.0001,0.0,0.0
92,3009179,3022734.0,21610.43602306109,381510716.7514324,0.0,0.0,1000000.0,1908553583.757162,0.01,1.5,0.0,0.0001,0.0,0.0
93,3009253,3033535.0,15315.738680206689,378496641.16233575,0.0,0.0,1000000.0,1893483205.811679,0.01,1.5,0.0,0.0001,0.0,0.0
94,3009333,3028988.0,28280.25516744937,383692034.166632,0.0,0.0,1000000.0,1919460170.83316,0.01,1.5,0.0,0.0001,0.0,0.0
95,3009630,3044047.0,16185.816868273329,391798935.0503994,0.0,0.0,1000000.0,1959994675.251997,0.01,1.5,0.0,0.0001,0.0,0.0
96,3009635,3038037.0,21137.584079651853,389757114.8810532,0.0,0.0,1000000.0,1949785574.405266,0.01,1.5,0.0,0.0001,0.0,0.0
97,3009644,3021918.0,33373.90020074205,385919208.1555725,0.0,0.0,1000000.0,1930596040.7778623,0.01,1.5,0.0,0.0001,0.0,0.0
98,3009652,7000579.0,18128.91859997528,391572098.944106,0.0,0.0,1000000.0,1958860494.72053,0.01,1.5,0.0,0.0001,0.0,0.0
99,3009813,3026669.0,25472.030560134488,389763682.368367,0.0,0.0,1000000.0,1949818411.841835,0.01,1.5,0.0,0.0001,0.0,0.0
100,3009944,3031492.0,18192.357445776437,395579250.0061066,0.0,0.0,1000000.0,1978896250.030533,0.01,1.5,0.0,0.0001,0.0,0.0
101,3010026,3034127.0,4625.419993666219,399737863.9879784,0.0,0.0,1000000.0,1999689319.939892,0.01,1.5,0.0,0.0001,0.0,0.0
102,3010115,3035223.0,25774.893865023805,399454065.2709102,0.0,0.0,1000000.0,1998270326.354551,0.01,1.5,0.0,0.0001,0.0,0.0
103,3010243,3021869.0,24604.1039038118,402473270.78250206,0.0,0.0,1000000.0,2013366353.9125104,0.01,1.5,0.0,0.0001,0.0,0.0
104,3010367,3024435.0,15413.755311433366,407440618.8509479,0.0,0.0,1000000.0,2038203094.2547395,0.01,1.5,0.0,0.0001,0.0,0.0
105,3010468,3030512.0,29032.28312831198,403345781.2290504,0.0,0.0,1000000.0,2017728906.145252,0.01,1.5,0.0,0.0001,0.0,0.0
106,3010512,7000557.0,12566.647589468252,393891115.7383236,0.0,0.0,1000000.0,1970455578.6916182,0.01,1.5,0.0,0.0001,0.0,0.0
107,3010550,3027787.0,25037.336714408277,408149234.0304696,0.0,0.0,1000000.0,2041746170.152348,0.01,1.5,0.0,0.0001,0.0,0.0
108,3010631,3037639.0,11098.822924224618,412861200.4450092,0.0,0.0,1000000.0,2065306002.225046,0.01,1.5,0.0,0.0001,0.0,0.0
109,3010870,3040423.0,25105.2647996716,413118482.34932256,0.0,0.0,1000000.0,2066592411.7466128,0.01,1.5,0.0,0.0001,0.0,0.0
110,3010897,3029001.0,7613.152381642965,415918381.7378489,0.0,0.0,1000000.0,2080591908.6892443,0.01,1.5,0.0,0.0001,0.0,0.0
111,3010989,3040378.0,37218.82413159383,415914331.696512,0.0,0.0,1000000.0,2080571658.48256,0.01,1.5,0.0,0.0001,0.0,0.0
112,3011078,7007351.0,33056.927332637104,415735168.5038813,0.0,0.0,1000000.0,2079675842.5194063,0.01,1.5,0.0,0.0001,0.0,0.0
113,3011168,3024435.0,33489.174164893484,419409066.8318644,0.0,0.0,1000000.0,2098045334.159322,0.01,1.5,0.0,0.0001,0.0,0.0
114,3011229,3036322.0,21232.29157399883,424982846.6578578,0.0,0.0,1000000.0,2125914233.289289,0.01,1.5,0.0,0.0001,0.0,0.0
115,3011269,3044054.0,39606.6458041775,423697223.96854633,0.0,0.0,1000000.0,2119486119.8427317,0.01,1.5,0.0,0.0001,0.0,0.0
116,3011312,3039403.0,9035.30913692042,429458588.25310665,0.0,0.0,1000000.0,2148292941.2655334,0.01,1.5,0.0,0.0001,0.0,0.0
117,3011404,3026061.0,18758.321497602155,431720236.21081495,0.0,0.0,1000000.0,2159601181.054075,0.01,1.5,0.0,0.0001,0.0,0.0
118,3011479,3030421.0,17799.769199709277,427274910.51628375,0.0,0.0,1000000.0,2137374552.5814188,0.01,1.5,0.0,0.0001,0.0,0.0
119,3011611,3032656.0,32711.24100789982,434257787.6489723,0.0,0.0,1000000.0,2172288938.2448616,0.01,1.5,0.0,0.0001,0.0,0.0
120,3011812,3041524.0,39753.54029768281,435156106.474002,0.0,0.0,1000000.0,2176780532.37001,0.01,1.5,0.0,0.0001,0.0,0.0
121,3011834,3025430.0,8370.47822862779,438877657.26613206,0.0,0.0,1000000.0,2195388286.3306603,0.01,1.5,0.0,0.0001,0.0,0.0
122,3011981,3026314.0,16175.303251311443,446496520.668322,0.0,0.0,1000000.0,2233482603.34161,0.01,1.5,0.0,0.0001,0.0,0.0
123,3012007,7007291.0,1.0,403234659.4965148,0.0,0.0,1000000.0,2017173297.482574,0.01,1.5,0.0,0.0001,0.0,0.0
124,3012442,3031394.0,17860.289414531777,457951386.25826746,0.0,0.0,1000000.0,2290756931.2913375,0.01,1.5,0.0,0.0001,0.0,0.0
125,3012462,3026856.0,20415.73982911509,456900624.0760119,0.0,0.0,1000000.0,2285503120.3800592,0.01,1.5,0.0,0.0001,0.0,0.0
126,3012500,3031127.0,36213.9588728993,455178193.86067474,0.0,0.0,1000000.0,2276890969.303374,0.01,1.5,0.0,0.0001,0.0,0.0
127,3012506,3044021.0,34658.46039680464,459051420.6194347,0.0,0.0,1000000.0,2296257103.0971737,0.01,1.5,0.0,0.0001,0.0,0.0
128,3012554,3033832.0,5806.062644050226,460774886.51716006,0.0,0.0,1000000.0,2304874432.5858,0.01,1.5,0.0,0.0001,0.0,0.0
129,3012631,7007701.0,16713.032732619857,456082420.934636,0.0,0.0,1000000.0,2281412104.67318,0.01,1.5,0.0,0.0001,0.0,0.0
130,3012654,7000653.0,1.0,433849718.65455216,0.0,0.0,1000000.0,2170248593.272761,0.01,1.5,0.0,0.0001,0.0,0.0
131,3012821,3022519.0,31177.62646925733,462283125.3458071,0.0,0.0,1000000.0,2312415626.7290354,0.01,1.5,0.0,0.0001,0.0,0.0
132,3013033,3023436.0,12412.456181348214,471203181.53054845,0.0,0.0,1000000.0,2357015907.6527424,0.01,1.5,0.0,0.0001,0.0,0.0
133,3013127,3025112.0,27937.62930628057,475448798.31424,0.0,0.0,1000000.0,2378243991.5712,0.01,1.5,0.0,0.0001,0.0,0.0
134,3013150,3040429.0,22806.25746849893,472712531.3365025,0.0,0.0,1000000.0,2364562656.6825123,0.01,1.5,0.0,0.0001,0.0,0.0
135,3013217,3021339.0,21110.420838872687,475510429.1761441,0.0,0.0,1000000.0,2378552145.8807206,0.01,1.5,0.0,0.0001,0.0,0.0
136,3013237,7007495.0,11462.121575720745,476255502.0411064,0.0,0.0,1000000.0,2382277510.205532,0.01,1.5,0.0,0.0001,0.0,0.0
137,3013512,3027602.0,26024.848128839774,484356121.1516263,0.0,0.0,1000000.0,2422780605.7581315,0.01,1.5,0.0,0.0001,0.0,0.0
138,3013567,3029678.0,9842.29415961562,485662436.84067154,0.0,0.0,1000000.0,2429312184.2033577,0.01,1.5,0.0,0.0001,0.0,0.0
139,3013592,3029245.0,15275.017144587331,488726639.7964475,0.0,0.0,1000000.0,2444633198.982238,0.01,1.5,0.0,0.0001,0.0,0.0
140,3013668,3034966.0,22583.81350713571,492584638.65028286,0.0,0.0,1000000.0,2463923193.2514143,0.01,1.5,0.0,0.0001,0.0,0.0
141,3013678,3025269.0,30072.624071792718,490343348.36453736,0.0,0.0,1000000.0,2452716741.8226867,0.01,1.5,0.0,0.0001,0.0,0.0
142,3013860,3033626.0,33117.438222580124,495661547.75969815,0.0,0.0,1000000.0,2479307738.7984905,0.01,1.5,0.0,0.0001,0.0,0.0
143,3014041,3044176.0,21794.48068296279,497694458.98365,0.0,0.0,1000000.0,2489472294.91825,0.01,1.5,0.0,0.0001,0.0,0.0
144,3014086,3028663.0,17119.033280917156,503386884.7990457,0.0,0.0,1000000.0,2517934423.9952283,0.01,1.5,0.0,0.0001,0.0,0.0
145,3014110,3030155.0,18065.590305811234,506193689.2025527,0.0,0.0,1000000.0,2531968446.0127635,0.01,1.5,0.0,0.0001,0.0,0.0
146,3014155,3044486.0,15937.357364507958,502003439.8645312,0.0,0.0,1000000.0,2511017199.322656,0.01,1.5,0.0,0.0001,0.0,0.0
147,3014180,3026856.0,44158.08446785877,508672010.6613756,0.0,0.0,1000000.0,2544360053.306878,0.01,1.5,0.0,0.0001,0.0,0.0
148,3014228,3028744.0,44793.80393270607,510217508.0978257,0.0,0.0,1000000.0,2552087540.4891286,0.01,1.5,0.0,0.0001,0.0,0.0
149,3014421,3031686.0,41584.92562487782,514876789.7949604,0.0,0.0,1000000.0,2575383948.974802,0.01,1.5,0.0,0.0001,0.0,0.0
150,3014436,3044231.0,24476.827086090885,515744148.3790262,0.0,0.0,1000000.0,2579720741.895131,0.01,1.5,0.0,0.0001,0.0,0.0
151,3014445,3023436.0,42819.666613927286,515761235.7605587,0.0,0.0,1000000.0,2579806178.8027935,0.01,1.5,0.0,0.0001,0.0,0.0
152,3014540,3040903.0,37482.02011388655,515438017.7712599,0.0,0.0,1000000.0,2578190088.8562994,0.01,1.5,0.0,0.0001,0.0,0.0
153,3014653,3040477.0,6771.526167001067,519256670.45028377,0.0,0.0,1000000.0,2597283352.251419,0.01,1.5,0.0,0.0001,0.0,0.0
154,3014726,3036701.0,21351.36564351833,523452508.6170561,0.0,0.0,1000000.0,2618262543.0852804,0.01,1.5,0.0,0.0001,0.0,0.0
155,3014743,7007337.0,23189.83843340797,524357833.4797987,0.0,0.0,1000000.0,2622789167.3989935,0.01,1.5,0.0,0.0001,0.0,0.0
156,3014938,3029340.0,56534.197272737074,533198369.80517936,0.0,0.0,1000000.0,2666991849.025897,0.01,1.5,0.0,0.0001,0.0,0.0
157,3014947,3039897.0,44404.588978127045,526231145.0147177,0.0,0.0,1000000.0,2632155725.0735884,0.01,1.5,0.0,0.0001,0.0,0.0
158,3014974,7000700.0,28622.119132497548,505518809.7709644,0.0,0.0,1000000.0,2528594048.854822,0.01,1.5,0.0,0.0001,0.0,0.0
159,3015077,3030969.0,49041.89706876512,537721347.8929564,0.0,0.0,1000000.0,2689606739.4647818,0.01,1.5,0.0,0.0001,0.0,0.0
160,3015124,3026314.0,38505.23029894252,537945164.8294724,0.0,0.0,1000000.0,2690725824.147362,0.01,1.5,0.0,0.0001,0.0,0.0
161,3015403,3033406.0,33465.29712857817,541075773.5093726,0.0,0.0,1000000.0,2706378867.546863,0.01,1.5,0.0,0.0001,0.0,0.0
162,3015545,3025025.0,46503.135556958114,549482851.0677422,0.0,0.0,1000000.0,2748414255.3387113,0.01,1.5,0.0,0.0001,0.0,0.0
163,3015637,3039841.0,30678.20770868694,557085463.5122755,0.0,0.0,1000000.0,2786427317.5613775,0.01,1.5,0.0,0.0001,0.0,0.0
164,3015777,3030421.0,21014.98948634739,553949172.9925166,0.0,0.0,1000000.0,2770745864.962583,0.01,1.5,0.0,0.0001,0.0,0.0
165,3016377,3044016.0,40088.78576978247,582714950.4326801,0.0,0.0,1000000.0,2914574752.1634007,0.01,1.5,0.0,0.0001,0.0,0.0
166,3016662,7007230.0,18392.25106138655,583195800.7203883,0.0,0.0,1000000.0,2916979003.6019416,0.01,1.5,0.0,0.0001,0.0,0.0
167,3016683,3033833.0,41919.00108576901,594589201.8968205,0.0,0.0,1000000.0,2973946009.4841027,0.01,1.5,0.0,0.0001,0.0,0.0
168,3016691,7007693.0,29626.44015308111,587236618.4367362,0.0,0.0,1000000.0,2937183092.183681,0.01,1.5,0.0,0.0001,0.0,0.0
169,3016903,7000653.0,17490.6471888017,76446289.8007699,0.0,0.0,1000000.0,383231449.0038495,0.01,1.5,0.0,0.0001,0.0,0.0
170,3017179,3039994.0,47368.54154861922,614019885.9998252,0.0,0.0,1000000.0,3071099429.9991264,0.01,1.5,0.0,0.0001,0.0,0.0
171,3017310,3025187.0,23261.868252035787,616954694.8869815,0.0,0.0,1000000.0,3085773474.4349074,0.01,1.5,0.0,0.0001,0.0,0.0
172,3017455,7007905.0,15064.1706485334,618471734.5849628,0.0,0.0,1000000.0,3093358672.924814,0.01,1.5,0.0,0.0001,0.0,0.0
173,3017526,3029706.0,49270.40051477032,621812542.0832655,0.0,0.0,1000000.0,3110062710.4163275,0.01,1.5,0.0,0.0001,0.0,0.0
174,3017551,7000579.0,15952.31351364593,616455954.1663857,0.0,0.0,1000000.0,3083279770.8319283,0.01,1.5,0.0,0.0001,0.0,0.0
175,3017569,3030535.0,36249.02271490502,626216328.6512448,0.0,0.0,1000000.0,3132081643.2562237,0.01,1.5,0.0,0.0001,0.0,0.0
176,3017759,3035241.0,68408.06834102911,637211834.0900983,0.0,0.0,1000000.0,3187059170.4504914,0.01,1.5,0.0,0.0001,0.0,0.0
177,3017873,7000528.0,1919.7917063924967,592762464.2924418,0.0,0.0,1000000.0,2964812321.462209,0.01,1.5,0.0,0.0001,0.0,0.0
178,3017889,3034805.0,25225.927711729702,637469490.8708625,0.0,0.0,1000000.0,3188347454.3543124,0.01,1.5,0.0,0.0001,0.0,0.0
179,3017981,3034146.0,45631.34841780614,642740293.3128419,0.0,0.0,1000000.0,3214701466.5642095,0.01,1.5,0.0,0.0001,0.0,0.0
180,3018023,3025082.0,50785.55935824278,639141760.57213,0.0,0.0,1000000.0,3196708802.86065,0.01,1.5,0.0,0.0001,0.0,0.0
181,3018043,3023717.0,44471.92867403674,647585814.1358123,0.0,0.0,1000000.0,3238929070.6790614,0.01,1.5,0.0,0.0001,0.0,0.0
182,3018128,3041470.0,28023.80118692933,644533632.1873279,0.0,0.0,1000000.0,3223668160.9366393,0.01,1.5,0.0,0.0001,0.0,0.0
183,3018312,3037163.0,43252.51363490301,658177861.81676,0.0,0.0,1000000.0,3291889309.0838,0.01,1.5,0.0,0.0001,0.0,0.0
184,3018392,3038374.0,28585.18258132171,663346531.025672,0.0,0.0,1000000.0,3317732655.12836,0.01,1.5,0.0,0.0001,0.0,0.0
185,3018492,3028663.0,13987.867838684746,58408567.89037351,0.0,0.0,1000000.0,293042839.4518676,0.01,1.5,0.0,0.0001,0.0,0.0
186,3018526,3035890.0,33737.2081932378,664604631.0689965,0.0,0.0,1000000.0,3324023155.3449826,0.01,1.5,0.0,0.0001,0.0,0.0
187,3018707,3024313.0,17182.638220330842,672528802.073653,0.0,0.0,1000000.0,3363644010.368265,0.01,1.5,0.0,0.0001,0.0,0.0
188,3019053,3035596.0,49374.91721926578,693645219.1106031,0.0,0.0,1000000.0,3469226095.5530157,0.01,1.5,0.0,0.0001,0.0,0.0
189,3019059,3029049.0,9335.440066757055,22702489.32831399,0.0,0.0,1000000.0,114512446.64156996,0.01,1.5,0.0,0.0001,0.0,0.0
190,3019060,3044202.0,63069.0195650963,695028867.055449,0.0,0.0,1000000.0,3476144335.277245,0.01,1.5,0.0,0.0001,0.0,0.0
191,3019250,3041590.0,47605.063928182775,697640277.4114457,0.0,0.0,1000000.0,3489201387.0572286,0.01,1.5,0.0,0.0001,0.0,0.0
192,3019356,3026669.0,52079.566628859815,706446635.2375871,0.0,0.0,1000000.0,3533233176.1879354,0.01,1.5,0.0,0.0001,0.0,0.0
193,3019426,3027963.0,36846.67634048856,710186182.3599463,0.0,0.0,1000000.0,3551930911.7997313,0.01,1.5,0.0,0.0001,0.0,0.0
194,3019545,3025722.0,81212.85552526731,717097506.9006703,0.0,0.0,1000000.0,3586487534.503351,0.01,1.5,0.0,0.0001,0.0,0.0
195,3019660,7006293.0,52407.46737585132,679621487.0187312,0.0,0.0,1000000.0,3399107435.093656,0.01,1.5,0.0,0.0001,0.0,0.0
196,3020024,3036250.0,25549.65908704385,740235664.9043915,0.0,0.0,1000000.0,3702178324.5219574,0.01,1.5,0.0,0.0001,0.0,0.0
197,3020091,7000557.0,70876.50231224728,747257455.7862698,0.0,0.0,1000000.0,3737287278.931349,0.01,1.5,0.0,0.0001,0.0,0.0
198,3020131,3037457.0,28663.799409107967,749294730.6146904,0.0,0.0,1000000.0,3747473653.073452,0.01,1.5,0.0,0.0001,0.0,0.0
199,3020141,3032495.0,68127.68977834763,747244725.4965911,0.0,0.0,1000000.0,3737223627.4829555,0.01,1.5,0.0,0.0001,0.0,0.0
200,3020256,7007693.0,39632.86643773355,759559830.8840225,0.0,0.0,1000000.0,3798799154.4201126,0.01,1.5,0.0,0.0001,0.0,0.0
201,3020287,3044489.0,33657.72434771908,758472099.1855133,0.0,0.0,1000000.0,3793360495.9275665,0.01,1.5,0.0,0.0001,0.0,0.0
202,3020499,3036222.0,49182.44994089477,763945692.3618789,0.0,0.0,1000000.0,3820728461.8093944,0.01,1.5,0.0,0.0001,0.0,0.0
203,3020741,3033689.0,65406.71813266169,779698878.6257701,0.0,0.0,1000000.0,3899494393.1288505,0.01,1.5,0.0,0.0001,0.0,0.0
204,3020823,3028744.0,23487.68989169604,127568358.9429878,0.0,0.0,1000000.0,638841794.714939,0.01,1.5,0.0,0.0001,0.0,0.0
205,3020874,3033586.0,20594.018536947813,796909729.5490125,0.0,0.0,1000000.0,3985548647.745063,0.01,1.5,0.0,0.0001,0.0,0.0
206,3021176,3037304.0,69713.53388476778,812865994.5565624,0.0,0.0,1000000.0,4065329972.782812,0.01,1.5,0.0,0.0001,0.0,0.0
207,3021206,7007905.0,52665.30842278951,812769576.9142367,0.0,0.0,1000000.0,4064847884.571183,0.01,1.5,0.0,0.0001,0.0,0.0
208,3021339,7007495.0,8708.305745552174,23268003.203927893,0.0,0.0,1000000.0,117340016.01963946,0.01,1.5,0.0,0.0001,0.0,0.0
209,3021399,7000557.0,5857.118272728263,740823616.7837765,0.0,0.0,1000000.0,3705118083.9188824,0.01,1.5,0.0,0.0001,0.0,0.0
210,3021532,3027787.0,46858.645289065134,831016934.5257452,0.0,0.0,1000000.0,4156084672.628726,0.01,1.5,0.0,0.0001,0.0,0.0
211,3021559,3044181.0,60852.15511779206,835390877.8616632,0.0,0.0,1000000.0,4177954389.308316,0.01,1.5,0.0,0.0001,0.0,0.0
212,3021695,3031492.0,68372.02345818507,850498462.5976081,0.0,0.0,1000000.0,4253492312.9880404,0.01,1.5,0.0,0.0001,0.0,0.0
213,3021760,7000653.0,15458.459354107496,132524379.70827088,0.0,0.0,1000000.0,663621898.5413544,0.01,1.5,0.0,0.0001,0.0,0.0
214,3021761,3035166.0,52359.63639648019,847273625.487411,0.0,0.0,1000000.0,4237368127.437055,0.01,1.5,0.0,0.0001,0.0,0.0
215,3021763,3033115.0,12229.080889095294,215610424.0252601,0.0,0.0,1000000.0,1079052120.1263003,0.01,1.5,0.0,0.0001,0.0,0.0
216,3021869,3029245.0,41342.747400548185,192874729.81431052,0.0,0.0,1000000.0,965373649.0715526,0.01,1.5,0.0,0.0001,0.0,0.0
217,3021902,3029533.0,48211.67114831794,865053967.4571028,0.0,0.0,1000000.0,4326269837.285514,0.01,1.5,0.0,0.0001,0.0,0.0
218,3021918,3037383.0,21824.29765373356,137829316.3660256,0.0,0.0,1000000.0,690146581.830128,0.01,1.5,0.0,0.0001,0.0,0.0
219,3022030,3044184.0,98532.14558588753,868186049.1215092,0.0,0.0,1000000.0,4341930245.607546,0.01,1.5,0.0,0.0001,0.0,0.0
220,3022053,3029678.0,88872.2876905674,864060238.58677,0.0,0.0,1000000.0,4321301192.93385,0.01,1.5,0.0,0.0001,0.0,0.0
221,3022211,3028986.0,17600.78327913442,277952874.2688593,0.0,0.0,1000000.0,1390764371.3442967,0.01,1.5,0.0,0.0001,0.0,0.0
222,3022260,3029752.0,51885.2256836582,886526012.3975872,0.0,0.0,1000000.0,4433630061.987936,0.01,1.5,0.0,0.0001,0.0,0.0
223,3022424,3029340.0,36006.86294720849,895758162.6241391,0.0,0.0,1000000.0,4479790813.120695,0.01,1.5,0.0,0.0001,0.0,0.0
224,3022455,3043671.0,65732.6314083249,902035175.2940868,0.0,0.0,1000000.0,4511175876.470434,0.01,1.5,0.0,0.0001,0.0,0.0
225,3022519,3026720.0,29377.610012950867,165968300.10272726,0.0,0.0,1000000.0,830841500.5136364,0.01,1.5,0.0,0.0001,0.0,0.0
226,3022734,3031983.0,36689.695487850375,290812627.0106793,0.0,0.0,1000000.0,1455063135.0533965,0.01,1.5,0.0,0.0001,0.0,0.0
227,3022832,3031528.0,49975.386866995126,921879190.6448427,0.0,0.0,1000000.0,4610395953.224214,0.01,1.5,0.0,0.0001,0.0,0.0
228,3022844,3027602.0,60086.5439736792,934315757.5945944,0.0,0.0,1000000.0,4672578787.972972,0.01,1.5,0.0,0.0001,0.0,0.0
229,3022903,3029001.0,53313.27418254479,935609445.3667916,0.0,0.0,1000000.0,4679047226.833958,0.01,1.5,0.0,0.0001,0.0,0.0
230,3022966,3025785.0,79678.41073227792,946217285.8075392,0.0,0.0,1000000.0,4732086429.037696,0.01,1.5,0.0,0.0001,0.0,0.0
231,3023178,7000591.0,58655.56082181255,961678942.9597578,0.0,0.0,1000000.0,4809394714.798789,0.01,1.5,0.0,0.0001,0.0,0.0
232,3023321,3028224.0,53321.32206143734,966513493.0845972,0.0,0.0,1000000.0,4833567465.422986,0.01,1.5,0.0,0.0001,0.0,0.0
233,3023436,3027966.0,2924.619646377673,2091632.0172813635,0.0,0.0,1000000.0,11458160.086406818,0.01,1.5,0.0,0.0001,0.0,0.0
234,3023455,3044194.0,65813.40163166297,991080216.048856,0.0,0.0,1000000.0,4956401080.24428,0.01,1.5,0.0,0.0001,0.0,0.0
235,3023482,3030535.0,30904.00964081464,989317630.9419874,0.0,0.0,1000000.0,4947588154.709937,0.01,1.5,0.0,0.0001,0.0,0.0
236,3023544,3029049.0,69445.24610652128,987194776.6401165,0.0,0.0,1000000.0,4936973883.2005825,0.01,1.5,0.0,0.0001,0.0,0.0
237,3023559,3040181.0,65263.153218435975,989466307.744518,0.0,0.0,1000000.0,4948331538.72259,0.01,1.5,0.0,0.0001,0.0,0.0
238,3023607,3029752.0,60155.93414703662,997589986.9484482,0.0,0.0,1000000.0,4988949934.742241,0.01,1.5,0.0,0.0001,0.0,0.0
239,3023717,7092453.0,5065.212026931284,28284844.143847022,0.0,0.0,1000000.0,142424220.71923512,0.01,1.5,0.0,0.0001,0.0,0.0
240,3023752,3036254.0,72723.30073636776,1008468035.1964828,0.0,0.0,1000000.0,5043340175.982414,0.01,1.5,0.0,0.0001,0.0,0.0
241,3023769,3027655.0,95479.40140506937,1015816220.8828012,0.0,0.0,1000000.0,5080081104.414006,0.01,1.5,0.0,0.0001,0.0,0.0
242,3023854,3044527.0,69265.57444724407,1021380131.2505958,0.0,0.0,1000000.0,5107900656.252979,0.01,1.5,0.0,0.0001,0.0,0.0
243,3024208,3031394.0,62707.882590407775,1047350423.4004638,0.0,0.0,1000000.0,5237752117.002319,0.01,1.5,0.0,0.0001,0.0,0.0
244,3024313,3028231.0,19930.109197178877,122645314.32109232,0.0,0.0,1000000.0,614226571.6054616,0.01,1.5,0.0,0.0001,0.0,0.0
245,3024364,3029706.0,62266.84526239036,1059974953.1129712,0.0,0.0,1000000.0,5300874765.564856,0.01,1.5,0.0,0.0001,0.0,0.0
246,3024435,7000528.0,21394.17382800824,245920278.87206045,0.0,0.0,1000000.0,1230601394.3603022,0.01,1.5,0.0,0.0001,0.0,0.0
247,3024441,7007351.0,63182.602230996665,1072675732.275506,0.0,0.0,1000000.0,5364378661.37753,0.01,1.5,0.0,0.0001,0.0,0.0
248,3024479,3044278.0,58212.156498558,1085194589.6993997,0.0,0.0,1000000.0,5426972948.496999,0.01,1.5,0.0,0.0001,0.0,0.0
249,3024615,7000541.0,21527.119299495007,1018420482.6600026,0.0,0.0,1000000.0,5093102413.300013,0.01,1.5,0.0,0.0001,0.0,0.0
250,3025010,3033628.0,250.65812466805693,153295460.53139058,0.0,0.0,1000000.0,767477302.6569529,0.01,1.5,0.0,0.0001,0.0,0.0
251,3025025,7000557.0,36836.24398759055,202127496.1308584,0.0,0.0,1000000.0,1011637480.654292,0.01,1.5,0.0,0.0001,0.0,0.0
252,3025056,7000619.0,23314.06248091009,1029807233.2732826,0.0,0.0,1000000.0,5150036166.366413,0.01,1.5,0.0,0.0001,0.0,0.0
253,3025082,3029734.0,17724.041027532647,188949873.82354572,0.0,0.0,1000000.0,945749369.1177286,0.01,1.5,0.0,0.0001,0.0,0.0
254,3025112,3028988.0,38113.58685448393,343857544.0440282,0.0,0.0,1000000.0,1720287720.2201412,0.01,1.5,0.0,0.0001,0.0,0.0
255,3025187,3040669.0,21777.880757939845,213993481.5865943,0.0,0.0,1000000.0,1070967407.9329716,0.01,1.5,0.0,0.0001,0.0,0.0
256,3025269,3028089.0,64338.534916783065,346633210.32908154,0.0,0.0,1000000.0,1734166051.6454077,0.01,1.5,0.0,0.0001,0.0,0.0
257,3025430,3036441.0,50313.407671770605,454751907.9702168,0.0,0.0,1000000.0,2274759539.851084,0.01,1.5,0.0,0.0001,0.0,0.0
258,3025695,3044480.0,54091.78354282928,633139017.3586297,0.0,0.0,1000000.0,3166695086.7931485,0.01,1.5,0.0,0.0001,0.0,0.0
259,3025722,3039412.0,10448.432111584576,129369108.00822036,0.0,0.0,1000000.0,647845540.0411018,0.01,1.5,0.0,0.0001,0.0,0.0
260,3025759,3033628.0,58803.24746829604,1220602117.1485465,0.0,0.0,1000000.0,6104010585.742732,0.01,1.5,0.0,0.0001,0.0,0.0
261,3025763,7000591.0,1.0,1028564894.5226334,0.0,0.0,1000000.0,5143824472.613167,0.01,1.5,0.0,0.0001,0.0,0.0
262,3025785,3029513.0,7464.905700910976,7772751.446906978,0.0,0.0,1000000.0,39863757.23453489,0.01,1.5,0.0,0.0001,0.0,0.0
263,3025934,3030155.0,68524.40172847845,1246323668.3573704,0.0,0.0,1000000.0,6232618341.786852,0.01,1.5,0.0,0.0001,0.0,0.0
264,3026061,7000653.0,36443.53411446873,472482916.2999526,0.0,0.0,1000000.0,2363414581.499763,0.01,1.5,0.0,0.0001,0.0,0.0
265,3026189,3028371.0,96596.00820370298,1279310833.1899605,0.0,0.0,1000000.0,6397554165.949802,0.01,1.5,0.0,0.0001,0.0,0.0
266,3026250,3031983.0,53916.085606830624,568747807.3543007,0.0,0.0,1000000.0,2844739036.7715034,0.01,1.5,0.0,0.0001,0.0,0.0
267,3026314,3030512.0,53426.463660509005,316048853.9894198,0.0,0.0,1000000.0,1581244269.9470992,0.01,1.5,0.0,0.0001,0.0,0.0
268,3026319,3028633.0,102512.3293778047,1289457145.9333775,0.0,0.0,1000000.0,6448285729.666887,0.01,1.5,0.0,0.0001,0.0,0.0
269,3026581,7000579.0,60935.07789081895,1298474316.331336,0.0,0.0,1000000.0,6493371581.65668,0.01,1.5,0.0,0.0001,0.0,0.0
270,3026669,3039034.0,34908.69226444388,239932897.9789766,0.0,0.0,1000000.0,1200664489.8948832,0.01,1.5,0.0,0.0001,0.0,0.0
271,3026720,3034036.0,17400.46244152658,150263074.76719636,0.0,0.0,1000000.0,752315373.8359818,0.01,1.5,0.0,0.0001,0.0,0.0
272,3026807,7000653.0,1.0,176762578.661521,0.0,0.0,1000000.0,884812893.3076049,0.01,1.5,0.0,0.0001,0.0,0.0
273,3026810,3035550.0,47367.49492988145,604497017.057783,0.0,0.0,1000000.0,3023485085.288915,0.01,1.5,0.0,0.0001,0.0,0.0
274,3026833,3040145.0,85078.0528818686,1356918418.388,0.0,0.0,1000000.0,6785592091.940001,0.01,1.5,0.0,0.0001,0.0,0.0
275,3026856,3030476.0,43022.64912019379,408765449.48143744,0.0,0.0,1000000.0,2044827247.4071872,0.01,1.5,0.0,0.0001,0.0,0.0
276,3027114,7000619.0,14157.574250205622,1330842706.4776976,0.0,0.0,1000000.0,6655213532.388488,0.01,1.5,0.0,0.0001,0.0,0.0
277,3027336,7000591.0,118.06733952459672,1325693707.4960165,0.0,0.0,1000000.0,6629468537.4800825,0.01,1.5,0.0,0.0001,0.0,0.0
278,3027348,7000636.0,1084.7236433152964,1312512978.8223474,0.0,0.0,1000000.0,6563564894.111737,0.01,1.5,0.0,0.0001,0.0,0.0
279,3027602,3042492.0,25011.64364451056,72074827.14045659,0.0,0.0,1000000.0,361374135.7022829,0.01,1.5,0.0,0.0001,0.0,0.0
280,3027655,3039143.0,7428.195695306991,155414850.50903386,0.0,0.0,1000000.0,778074252.5451694,0.01,1.5,0.0,0.0001,0.0,0.0
281,3027716,7007905.0,87189.75818633402,1512238876.673766,0.0,0.0,1000000.0,7562194383.36883,0.01,1.5,0.0,0.0001,0.0,0.0
282,3027787,3031127.0,47380.46259469118,271976123.5379506,0.0,0.0,1000000.0,1360880617.6897528,0.01,1.5,0.0,0.0001,0.0,0.0
283,3027963,3030622.0,76407.35329635585,550803410.6295099,0.0,0.0,1000000.0,2755017053.1475496,0.01,1.5,0.0,0.0001,0.0,0.0
284,3027966,3031464.0,28564.41098275898,281874672.1926811,0.0,0.0,1000000.0,1410373360.9634054,0.01,1.5,0.0,0.0001,0.0,0.0
285,3027987,3038770.0,35707.401653406465,502024068.021564,0.0,0.0,1000000.0,2511120340.10782,0.01,1.5,0.0,0.0001,0.0,0.0
286,3028078,7000653.0,127540.0400997939,1555659102.2814271,0.0,0.0,1000000.0,7779295511.407136,0.01,1.5,0.0,0.0001,0.0,0.0
287,3028089,3039331.0,11982.724367431309,50904753.9404692,0.0,0.0,1000000.0,255523769.702346,0.01,1.5,0.0,0.0001,0.0,0.0
288,3028146,3034147.0,103064.17172861568,1576394781.44248,0.0,0.0,1000000.0,7882973907.2124,0.01,1.5,0.0,0.0001,0.0,0.0
289,3028224,3030291.0,37850.60645805916,302155782.7494784,0.0,0.0,1000000.0,1511778913.747392,0.01,1.5,0.0,0.0001,0.0,0.0
290,3028231,3043998.0,44979.12623998476,242438969.9336984,0.0,0.0,1000000.0,1213194849.6684918,0.01,1.5,0.0,0.0001,0.0,0.0
291,3028371,3044523.0,6198.725165534501,4604378.556663583,0.0,0.0,1000000.0,24021892.783317916,0.01,1.5,0.0,0.0001,0.0,0.0
292,3028633,3029878.0,7170.855912592099,33440542.787292905,0.0,0.0,1000000.0,168202713.93646452,0.01,1.5,0.0,0.0001,0.0,0.0
293,3028663,3044010.0,45034.25564370478,498211052.650692,0.0,0.0,1000000.0,2492055263.25346,0.01,1.5,0.0,0.0001,0.0,0.0
294,3028701,7007351.0,102313.79916362892,1658323187.9746504,0.0,0.0,1000000.0,8292615939.873252,0.01,1.5,0.0,0.0001,0.0,0.0
295,3028744,3030969.0,40535.33750464122,392655613.0573481,0.0,0.0,1000000.0,1964278065.2867403,0.01,1.5,0.0,0.0001,0.0,0.0
296,3028927,7000528.0,1.0,4312699.231177425,0.0,0.0,1000000.0,22563496.155887127,0.01,1.5,0.0,0.0001,0.0,0.0
297,3028983,3033626.0,111225.09351275906,1731755168.7769427,0.0,0.0,1000000.0,8659775843.884714,0.01,1.5,0.0,0.0001,0.0,0.0
298,3028986,7000591.0,42346.18299621404,526319569.6123774,0.0,0.0,1000000.0,2632597848.061887,0.01,1.5,0.0,0.0001,0.0,0.0
299,3028988,3034146.0,26218.044756004936,204493680.46950263,0.0,0.0,1000000.0,1023468402.3475132,0.01,1.5,0.0,0.0001,0.0,0.0
300,3029001,3031309.0,29619.50919103747,387373792.1291875,0.0,0.0,1000000.0,1937868960.6459377,0.01,1.5,0.0,0.0001,0.0,0.0
301,3029049,7007693.0,1050.4776919218082,55755832.7925432,0.0,0.0,1000000.0,279779163.962716,0.01,1.5,0.0,0.0001,0.0,0.0
302,3029245,3033833.0,41604.02022121504,454467752.4735236,0.0,0.0,1000000.0,2273338762.367618,0.01,1.5,0.0,0.0001,0.0,0.0
303,3029340,3037072.0,40720.35194142594,391621294.1709671,0.0,0.0,1000000.0,1959106470.8548355,0.01,1.5,0.0,0.0001,0.0,0.0
304,3029513,3037051.0,42717.47179789664,284365967.6397804,0.0,0.0,1000000.0,1422829838.1989021,0.01,1.5,0.0,0.0001,0.0,0.0
305,3029533,7000591.0,45741.11522900735,730474522.5688919,0.0,0.0,1000000.0,3653372612.8444595,0.01,1.5,0.0,0.0001,0.0,0.0
306,3029678,3032495.0,55355.74112989401,536999734.4564025,0.0,0.0,1000000.0,2685998672.282013,0.01,1.5,0.0,0.0001,0.0,0.0
307,3029706,3036193.0,36787.91597309941,208126160.34670776,0.0,0.0,1000000.0,1041630801.7335389,0.01,1.5,0.0,0.0001,0.0,0.0
308,3029734,3031686.0,65643.68125660834,507889936.3365563,0.0,0.0,1000000.0,2540449681.6827817,0.01,1.5,0.0,0.0001,0.0,0.0
309,3029752,3044270.0,4373.623562515261,23783562.90579725,0.0,0.0,1000000.0,119917814.52898625,0.01,1.5,0.0,0.0001,0.0,0.0
310,3029878,3044529.0,5475.072594092326,11614303.390264146,0.0,0.0,1000000.0,59071516.95132073,0.01,1.5,0.0,0.0001,0.0,0.0
311,3030155,3033586.0,28901.91207854121,257243006.76338857,0.0,0.0,1000000.0,1287215033.816943,0.01,1.5,0.0,0.0001,0.0,0.0
312,3030291,3031796.0,27041.444759134854,184809999.08036676,0.0,0.0,1000000.0,925049995.4018338,0.01,1.5,0.0,0.0001,0.0,0.0
313,3030421,3033832.0,76399.01749495234,1081997324.0544057,0.0,0.0,1000000.0,5410986620.272028,0.01,1.5,0.0,0.0001,0.0,0.0
314,3030476,3035820.0,19506.03263394052,384848714.6489354,0.0,0.0,1000000.0,1925243573.2446768,0.01,1.5,0.0,0.0001,0.0,0.0
315,3030512,3033535.0,28923.40422522196,391350484.34645,0.0,0.0,1000000.0,1957752421.7322497,0.01,1.5,0.0,0.0001,0.0,0.0
316,3030535,3033689.0,50581.77625493816,482674909.2125635,0.0,0.0,1000000.0,2414374546.0628176,0.01,1.5,0.0,0.0001,0.0,0.0
317,3030622,3033115.0,34153.41409492453,208575517.1923684,0.0,0.0,1000000.0,1043877585.961842,0.01,1.5,0.0,0.0001,0.0,0.0
318,3030636,3033235.0,72609.5072893445,818309737.1428628,0.0,0.0,1000000.0,4092548685.714314,0.01,1.5,0.0,0.0001,0.0,0.0
319,3030647,7000653.0,1.0,226009499.79277533,0.0,0.0,1000000.0,1131047498.9638767,0.01,1.5,0.0,0.0001,0.0,0.0
320,3030769,7007905.0,4398.116841637792,40576410.93462525,0.0,0.0,1000000.0,203882054.67312628,0.01,1.5,0.0,0.0001,0.0,0.0
321,3030969,3032656.0,5330.9166432952325,24902988.63135392,0.0,0.0,1000000.0,125514943.15676959,0.01,1.5,0.0,0.0001,0.0,0.0
322,3031127,7092453.0,17392.422064643335,321133801.4412148,0.0,0.0,1000000.0,1606669007.206074,0.01,1.5,0.0,0.0001,0.0,0.0
323,3031309,3032173.0,17760.20845152036,339002345.6558373,0.0,0.0,1000000.0,1696011728.2791865,0.01,1.5,0.0,0.0001,0.0,0.0
324,3031394,3033406.0,82178.6199271364,865167743.6730857,0.0,0.0,1000000.0,4326838718.365429,0.01,1.5,0.0,0.0001,0.0,0.0
325,3031464,3040808.0,45155.15189509003,520926868.7613025,0.0,0.0,1000000.0,2605634343.8065124,0.01,1.5,0.0,0.0001,0.0,0.0
326,3031492,3033330.0,112527.23907733503,1160685458.7673116,0.0,0.0,1000000.0,5804427293.836557,0.01,1.5,0.0,0.0001,0.0,0.0
327,3031528,3035820.0,127386.17532561591,1144326933.6877513,0.0,0.0,1000000.0,5722634668.438757,0.01,1.5,0.0,0.0001,0.0,0.0
328,3031640,7007693.0,1.0,105931358.05543482,0.0,0.0,1000000.0,530656790.2771741,0.01,1.5,0.0,0.0001,0.0,0.0
329,3031686,3043846.0,11946.5210659272,59930462.06462832,0.0,0.0,1000000.0,300652310.3231416,0.01,1.5,0.0,0.0001,0.0,0.0
330,3031796,3044041.0,36523.17107326518,198532709.02007383,0.0,0.0,1000000.0,993663545.1003692,0.01,1.5,0.0,0.0001,0.0,0.0
331,3031983,3032971.0,36078.34329498479,376320019.6013281,0.0,0.0,1000000.0,1882600098.0066404,0.01,1.5,0.0,0.0001,0.0,0.0
332,3032173,3035381.0,1268.1472701716073,1725548.7345455638,0.0,0.0,1000000.0,9627743.67272782,0.01,1.5,0.0,0.0001,0.0,0.0
333,3032298,7000579.0,1.0,841827309.7803779,0.0,0.0,1000000.0,4210136548.9018893,0.01,1.5,0.0,0.0001,0.0,0.0
334,3032436,7000591.0,1.0,64220641.9899603,0.0,0.0,1000000.0,322103209.9498015,0.01,1.5,0.0,0.0001,0.0,0.0
335,3032495,3033198.0,38162.71630087952,143726869.49383932,0.0,0.0,1000000.0,719634347.4691966,0.01,1.5,0.0,0.0001,0.0,0.0
336,3032556,7007351.0,1.0,38347815.747334704,0.0,0.0,1000000.0,192739078.73667353,0.01,1.5,0.0,0.0001,0.0,0.0
337,3032656,7000619.0,20725.443228378543,170254917.7821924,0.0,0.0,1000000.0,852274588.9109621,0.01,1.5,0.0,0.0001,0.0,0.0
338,3032798,7000619.0,1.0,301913067.2367278,0.0,0.0,1000000.0,1510565336.1836388,0.01,1.5,0.0,0.0001,0.0,0.0
339,3032971,3033617.0,6500.123641874539,66543864.51480727,0.0,0.0,1000000.0,333719322.57403636,0.01,1.5,0.0,0.0001,0.0,0.0
340,3033016,3033892.0,60137.70622983576,1207752417.0359974,0.0,0.0,1000000.0,6039762085.179987,0.01,1.5,0.0,0.0001,0.0,0.0
341,3033115,3037163.0,15827.887442458205,89188567.42562973,0.0,0.0,1000000.0,446942837.1281487,0.01,1.5,0.0,0.0001,0.0,0.0
342,3033198,3034127.0,11109.904458054189,15647655.99987441,0.0,0.0,1000000.0,79238279.99937205,0.01,1.5,0.0,0.0001,0.0,0.0
343,3033235,3037148.0,55381.85832059066,711200987.566968,0.0,0.0,1000000.0,3557004937.83484,0.01,1.5,0.0,0.0001,0.0,0.0
344,3033330,3041662.0,44440.96628226046,480627912.14770496,0.0,0.0,1000000.0,2404139560.738525,0.01,1.5,0.0,0.0001,0.0,0.0
345,3033406,3033917.0,17599.333802353012,281729064.0072439,0.0,0.0,1000000.0,1409645320.0362194,0.01,1.5,0.0,0.0001,0.0,0.0
346,3033535,3038621.0,53707.02852114493,795467716.0432671,0.0,0.0,1000000.0,3978338580.216336,0.01,1.5,0.0,0.0001,0.0,0.0
347,3033586,3036250.0,43407.14839473091,512360642.2828343,0.0,0.0,1000000.0,2562803211.414171,0.01,1.5,0.0,0.0001,0.0,0.0
348,3033617,3034966.0,13799.783101727347,40672621.49245947,0.0,0.0,1000000.0,204363107.46229735,0.01,1.5,0.0,0.0001,0.0,0.0
349,3033626,7000653.0,74101.30862845451,1099850579.4096076,0.0,0.0,1000000.0,5500252897.0480385,0.01,1.5,0.0,0.0001,0.0,0.0
350,3033628,3035550.0,70021.65800928864,971500055.5657324,0.0,0.0,1000000.0,4858500277.828662,0.01,1.5,0.0,0.0001,0.0,0.0
351,3033689,3034805.0,48484.36599012792,480446281.8435446,0.0,0.0,1000000.0,2403231409.217723,0.01,1.5,0.0,0.0001,0.0,0.0
352,3033832,3036193.0,85940.40496249248,924525477.8560902,0.0,0.0,1000000.0,4623627389.280451,0.01,1.5,0.0,0.0001,0.0,0.0
353,3033833,7000591.0,71022.75283542594,1054773327.9102528,0.0,0.0,1000000.0,5274866639.551264,0.01,1.5,0.0,0.0001,0.0,0.0
354,3033845,3035166.0,18680.98955901261,458767361.9510556,0.0,0.0,1000000.0,2294836809.755278,0.01,1.5,0.0,0.0001,0.0,0.0
355,3033892,3037148.0,16453.013545612353,150544696.0916634,0.0,0.0,1000000.0,753723480.4583169,0.01,1.5,0.0,0.0001,0.0,0.0
356,3033917,3035220.0,6077.1225390310665,13941869.058032468,0.0,0.0,1000000.0,70709345.29016234,0.01,1.5,0.0,0.0001,0.0,0.0
357,3034036,7000528.0,19070.1821292882,1763431349.5305097,0.0,0.0,1000000.0,8818156747.652548,0.01,1.5,0.0,0.0001,0.0,0.0
358,3034044,3034605.0,2902.220909320288,307539816.821896,0.0,0.0,1000000.0,1538699084.1094801,0.01,1.5,0.0,0.0001,0.0,0.0
359,3034127,3035223.0,23573.663962211893,112270579.9142452,0.0,0.0,1000000.0,562352899.571226,0.01,1.5,0.0,0.0001,0.0,0.0
360,3034146,3040601.0,158859.64113075653,1239416670.9910672,0.0,0.0,1000000.0,6198083354.955336,0.01,1.5,0.0,0.0001,0.0,0.0
361,3034147,3042696.0,101953.85680728855,1697841866.6553514,0.0,0.0,1000000.0,8490209333.276757,0.01,1.5,0.0,0.0001,0.0,0.0
362,3034220,3035241.0,38999.91640827493,359580009.47174114,0.0,0.0,1000000.0,1798900047.3587058,0.01,1.5,0.0,0.0001,0.0,0.0
363,3034221,7000579.0,1.0,255542603.2114296,0.0,0.0,1000000.0,1278713016.057148,0.01,1.5,0.0,0.0001,0.0,0.0
364,3034435,3035596.0,28161.3847088757,558656440.184799,0.0,0.0,1000000.0,2794282200.923995,0.01,1.5,0.0,0.0001,0.0,0.0
365,3034605,7007337.0,7519.231783238806,61186875.67500691,0.0,0.0,1000000.0,306934378.3750346,0.01,1.5,0.0,0.0001,0.0,0.0
366,3034775,3037051.0,12545.032649121837,38840946.64919126,0.0,0.0,1000000.0,195204733.2459563,0.01,1.5,0.0,0.0001,0.0,0.0
367,3034805,3038547.0,12411.961494214502,79988314.41744244,0.0,0.0,1000000.0,400941572.0872122,0.01,1.5,0.0,0.0001,0.0,0.0
368,3034966,3035890.0,25968.68256177161,422748021.1092351,0.0,0.0,1000000.0,2114740105.5461755,0.01,1.5,0.0,0.0001,0.0,0.0
369,3035166,3036441.0,11772.720812087411,85199145.55936855,0.0,0.0,1000000.0,426995727.79684275,0.01,1.5,0.0,0.0001,0.0,0.0
370,3035220,3036254.0,68437.11672399862,690108497.5489194,0.0,0.0,1000000.0,3451542487.7445974,0.01,1.5,0.0,0.0001,0.0,0.0
371,3035223,3041994.0,62960.7294201498,421457858.2607777,0.0,0.0,1000000.0,2108289291.3038886,0.01,1.5,0.0,0.0001,0.0,0.0
372,3035241,3037072.0,15169.650008288794,142203620.49178123,0.0,0.0,1000000.0,712018102.4589062,0.01,1.5,0.0,0.0001,0.0,0.0
373,3035381,3036222.0,142292.7702537286,1635567372.418736,0.0,0.0,1000000.0,8178836862.093679,0.01,1.5,0.0,0.0001,0.0,0.0
374,3035550,3038513.0,9926.214241540216,21126295.023824893,0.0,0.0,1000000.0,106631475.11912447,0.01,1.5,0.0,0.0001,0.0,0.0
375,3035582,7000591.0,1.0,1336945283.1327114,0.0,0.0,1000000.0,6685726415.663557,0.01,1.5,0.0,0.0001,0.0,0.0
376,3035596,3044254.0,41102.057312265424,254829532.1998975,0.0,0.0,1000000.0,1275147660.9994874,0.01,1.5,0.0,0.0001,0.0,0.0
377,3035624,3038513.0,6342.543986439066,296773695.52641535,0.0,0.0,1000000.0,1484868477.6320767,0.01,1.5,0.0,0.0001,0.0,0.0
378,3035820,3036322.0,47331.28379608374,474053447.28447294,0.0,0.0,1000000.0,2371267236.4223647,0.01,1.5,0.0,0.0001,0.0,0.0
379,3035890,3042714.0,36435.04458917592,137663248.49367675,0.0,0.0,1000000.0,689316242.4683838,0.01,1.5,0.0,0.0001,0.0,0.0
380,3036106,7000591.0,1.0,73701022.7718056,0.0,0.0,1000000.0,369505113.859028,0.01,1.5,0.0,0.0001,0.0,0.0
381,3036193,3038547.0,12652.111152982214,29853719.04326187,0.0,0.0,1000000.0,150268595.21630937,0.01,1.5,0.0,0.0001,0.0,0.0
382,3036222,3040189.0,13875.844725133473,73536162.19720936,0.0,0.0,1000000.0,368680810.9860468,0.01,1.5,0.0,0.0001,0.0,0.0
383,3036250,7000653.0,90749.61120327878,1386131615.460946,0.0,0.0,1000000.0,6931658077.30473,0.01,1.5,0.0,0.0001,0.0,0.0
384,3036254,3036701.0,7937.608138387935,13643267.67103448,0.0,0.0,1000000.0,69216338.3551724,0.01,1.5,0.0,0.0001,0.0,0.0
385,3036322,3041396.0,23710.32569416285,136481406.46884274,0.0,0.0,1000000.0,683407032.3442137,0.01,1.5,0.0,0.0001,0.0,0.0
386,3036441,3037457.0,18265.14773863506,114696813.08608402,0.0,0.0,1000000.0,574484065.4304202,0.01,1.5,0.0,0.0001,0.0,0.0
387,3036701,3037304.0,13183.10131856514,48249815.82895231,0.0,0.0,1000000.0,242249079.14476156,0.01,1.5,0.0,0.0001,0.0,0.0
388,3036790,3038621.0,20884.3172544044,335605784.7612203,0.0,0.0,1000000.0,1679028923.8061013,0.01,1.5,0.0,0.0001,0.0,0.0
389,3036862,3037383.0,52731.68981839154,933238524.2089568,0.0,0.0,1000000.0,4667192621.044785,0.01,1.5,0.0,0.0001,0.0,0.0
390,3037051,3041364.0,31646.14316559525,591797046.6092458,0.0,0.0,1000000.0,2959985233.046229,0.01,1.5,0.0,0.0001,0.0,0.0
391,3037072,3039666.0,36488.09529755475,295167975.78123003,0.0,0.0,1000000.0,1476839878.90615,0.01,1.5,0.0,0.0001,0.0,0.0
392,3037148,3039666.0,18528.60761609802,100239790.30112793,0.0,0.0,1000000.0,502198951.5056396,0.01,1.5,0.0,0.0001,0.0,0.0
393,3037158,7000653.0,1.0,4315801.042435269,0.0,0.0,1000000.0,22579005.212176345,0.01,1.5,0.0,0.0001,0.0,0.0
394,3037163,7000700.0,140118.96971323647,2907738859.2113748,0.0,0.0,1000000.0,14539694296.056873,0.01,1.5,0.0,0.0001,0.0,0.0
395,3037304,3037639.0,23155.952922827422,148768786.69291475,0.0,0.0,1000000.0,744843933.4645737,0.01,1.5,0.0,0.0001,0.0,0.0
396,3037383,7000541.0,7405.212165345562,20511958.91029053,0.0,0.0,1000000.0,103559794.55145267,0.01,1.5,0.0,0.0001,0.0,0.0
397,3037417,7000591.0,1.0,9766341.660469972,0.0,0.0,1000000.0,49831708.30234986,0.01,1.5,0.0,0.0001,0.0,0.0
398,3037457,3043042.0,73085.00341190485,786538228.0344123,0.0,0.0,1000000.0,3933691140.1720614,0.01,1.5,0.0,0.0001,0.0,0.0
399,3037480,7000700.0,1.0,3921311.279212467,0.0,0.0,1000000.0,20606556.396062333,0.01,1.5,0.0,0.0001,0.0,0.0
400,3037639,3038060.0,23029.94320846132,191632198.3803005,0.0,0.0,1000000.0,959160991.9015025,0.01,1.5,0.0,0.0001,0.0,0.0
401,3037829,3038037.0,17142.58816009758,343496564.2854875,0.0,0.0,1000000.0,1718482821.4274373,0.01,1.5,0.0,0.0001,0.0,0.0
402,3038037,3044518.0,7739.177322064831,41641878.33011958,0.0,0.0,1000000.0,209209391.6505979,0.01,1.5,0.0,0.0001,0.0,0.0
403,3038060,3038374.0,55577.76241384705,577653744.8454946,0.0,0.0,1000000.0,2889268724.2274733,0.01,1.5,0.0,0.0001,0.0,0.0
404,3038126,3038770.0,11522.885874750256,340393152.40683776,0.0,0.0,1000000.0,1702965762.0341887,0.01,1.5,0.0,0.0001,0.0,0.0
405,3038286,7000653.0,1.0,109893854.11726642,0.0,0.0,1000000.0,550469270.5863321,0.01,1.5,0.0,0.0001,0.0,0.0
406,3038374,3039034.0,34416.38488678247,136480300.13552797,0.0,0.0,1000000.0,683401500.6776398,0.01,1.5,0.0,0.0001,0.0,0.0
407,3038472,7000653.0,1.0,4401230.896034394,0.0,0.0,1000000.0,23006154.48017197,0.01,1.5,0.0,0.0001,0.0,0.0
408,3038513,3038805.0,22446.22810383204,103049320.73454748,0.0,0.0,1000000.0,516246603.6727374,0.01,1.5,0.0,0.0001,0.0,0.0
409,3038547,3039143.0,16294.210429807505,202267332.85339183,0.0,0.0,1000000.0,1012336664.2669592,0.01,1.5,0.0,0.0001,0.0,0.0
410,3038621,3039331.0,57349.16023397579,455124316.52921975,0.0,0.0,1000000.0,2276621582.6460986,0.01,1.5,0.0,0.0001,0.0,0.0
411,3038770,7000557.0,28934.03730876915,111963239.53209968,0.0,0.0,1000000.0,560816197.6604984,0.01,1.5,0.0,0.0001,0.0,0.0
412,3038805,3040189.0,35243.09906429259,465988552.9856604,0.0,0.0,1000000.0,2330942764.928302,0.01,1.5,0.0,0.0001,0.0,0.0
413,3039034,3039412.0,49167.33761135254,520582053.7670727,0.0,0.0,1000000.0,2603910268.8353634,0.01,1.5,0.0,0.0001,0.0,0.0
414,3039097,7000653.0,1.0,394832313.2426136,0.0,0.0,1000000.0,1975161566.213068,0.01,1.5,0.0,0.0001,0.0,0.0
415,3039143,3039403.0,42892.26602936281,285850393.0168852,0.0,0.0,1000000.0,1430251965.0844262,0.01,1.5,0.0,0.0001,0.0,0.0
416,3039173,7000557.0,1.0,317756922.0819589,0.0,0.0,1000000.0,1589784610.4097943,0.01,1.5,0.0,0.0001,0.0,0.0
417,3039307,7000653.0,1.0,46613309.034057766,0.0,0.0,1000000.0,234066545.17028883,0.01,1.5,0.0,0.0001,0.0,0.0
418,3039331,3043986.0,84024.50832276599,661907955.448961,0.0,0.0,1000000.0,3310539777.2448053,0.01,1.5,0.0,0.0001,0.0,0.0
419,3039353,7000591.0,1.0,227668561.56410775,0.0,0.0,1000000.0,1139342807.8205388,0.01,1.5,0.0,0.0001,0.0,0.0
420,3039403,3043814.0,35280.9010125666,465801983.59051466,0.0,0.0,1000000.0,2330009917.9525733,0.01,1.5,0.0,0.0001,0.0,0.0
421,3039412,3039513.0,20816.180806540862,60732181.17904688,0.0,0.0,1000000.0,304660905.8952344,0.01,1.5,0.0,0.0001,0.0,0.0
422,3039513,3039897.0,32465.05564828772,112484633.21982232,0.0,0.0,1000000.0,563423166.0991116,0.01,1.5,0.0,0.0001,0.0,0.0
423,3039532,7000557.0,1.0,76648339.43704122,0.0,0.0,1000000.0,384241697.1852061,0.01,1.5,0.0,0.0001,0.0,0.0
424,3039666,3039841.0,23498.7165748958,161957702.6349906,0.0,0.0,1000000.0,810788513.174953,0.01,1.5,0.0,0.0001,0.0,0.0
425,3039667,7000591.0,1.0,238000094.335998,0.0,0.0,1000000.0,1191000471.67999,0.01,1.5,0.0,0.0001,0.0,0.0
426,3039704,7000557.0,1.0,247249690.1925165,0.0,0.0,1000000.0,1237248450.9625826,0.01,1.5,0.0,0.0001,0.0,0.0
427,3039840,3040145.0,8046.9183949681055,315501992.5964697,0.0,0.0,1000000.0,1578509962.9823484,0.01,1.5,0.0,0.0001,0.0,0.0
428,3039841,3039994.0,24210.93475079747,131325745.26587336,0.0,0.0,1000000.0,657628726.3293668,0.01,1.5,0.0,0.0001,0.0,0.0
429,3039897,3040601.0,124595.04647662056,1070187759.3004954,0.0,0.0,1000000.0,5351938796.502477,0.01,1.5,0.0,0.0001,0.0,0.0
430,3039994,3040181.0,7813.187652418144,164640788.70541748,0.0,0.0,1000000.0,824203943.5270875,0.01,1.5,0.0,0.0001,0.0,0.0
431,3040112,3040246.0,12765.454740457795,132240021.88765591,0.0,0.0,1000000.0,662200109.4382796,0.01,1.5,0.0,0.0001,0.0,0.0
432,3040137,3042547.0,162563.34780891807,1340121825.986424,0.0,0.0,1000000.0,6701609129.932119,0.01,1.5,0.0,0.0001,0.0,0.0
433,3040145,3040262.0,21785.787324738318,202939340.6953597,0.0,0.0,1000000.0,1015696703.4767985,0.01,1.5,0.0,0.0001,0.0,0.0
434,3040181,3040378.0,3781.797635542687,7010969.016448611,0.0,0.0,1000000.0,36054845.082243055,0.01,1.5,0.0,0.0001,0.0,0.0
435,3040189,3040257.0,10063.605629414991,108593563.05244584,0.0,0.0,1000000.0,543967815.2622292,0.01,1.5,0.0,0.0001,0.0,0.0
436,3040246,3040310.0,32654.975302761515,447050603.2535228,0.0,0.0,1000000.0,2236253016.267614,0.01,1.5,0.0,0.0001,0.0,0.0
437,3040257,3040306.0,14099.033239138476,44433100.44494817,0.0,0.0,1000000.0,223165502.22474083,0.01,1.5,0.0,0.0001,0.0,0.0
438,3040262,3040423.0,13070.858165729787,280458217.16761273,0.0,0.0,1000000.0,1403291085.8380637,0.01,1.5,0.0,0.0001,0.0,0.0
439,3040306,3040477.0,4979.283741412481,19038132.800788388,0.0,0.0,1000000.0,96190664.00394194,0.01,1.5,0.0,0.0001,0.0,0.0
440,3040310,3040429.0,13916.84879573342,94019410.97928804,0.0,0.0,1000000.0,471097054.8964402,0.01,1.5,0.0,0.0001,0.0,0.0
441,3040378,3040808.0,63470.013234816026,672524736.6709256,0.0,0.0,1000000.0,3363623683.354628,0.01,1.5,0.0,0.0001,0.0,0.0
442,3040423,3041364.0,71559.34934631128,579834190.5966523,0.0,0.0,1000000.0,2900170952.983261,0.01,1.5,0.0,0.0001,0.0,0.0
443,3040429,3042322.0,28694.76842462614,318950330.9059293,0.0,0.0,1000000.0,1595751654.5296466,0.01,1.5,0.0,0.0001,0.0,0.0
444,3040477,3040669.0,45486.50906825576,583403612.3315457,0.0,0.0,1000000.0,2918018061.6577287,0.01,1.5,0.0,0.0001,0.0,0.0
445,3040601,3041396.0,34502.77800192707,309578870.7915971,0.0,0.0,1000000.0,1548894353.9579856,0.01,1.5,0.0,0.0001,0.0,0.0
446,3040669,3040903.0,7452.36959192324,14544616.160628552,0.0,0.0,1000000.0,73723080.80314276,0.01,1.5,0.0,0.0001,0.0,0.0
447,3040808,3044172.0,46524.20309103293,401122729.77864885,0.0,0.0,1000000.0,2006613648.8932443,0.01,1.5,0.0,0.0001,0.0,0.0
448,3040903,3040953.0,73203.2627752665,1146290729.8351965,0.0,0.0,1000000.0,5732453649.175982,0.01,1.5,0.0,0.0001,0.0,0.0
449,3040953,3042322.0,2450.6160987710223,3777329.447504781,0.0,0.0,1000000.0,19886647.237523906,0.01,1.5,0.0,0.0001,0.0,0.0
450,3041364,3041470.0,76371.3937246401,690232573.3371546,0.0,0.0,1000000.0,3452162866.685773,0.01,1.5,0.0,0.0001,0.0,0.0
451,3041396,3041662.0,89648.49129927957,922996390.7467252,0.0,0.0,1000000.0,4615981953.733626,0.01,1.5,0.0,0.0001,0.0,0.0
452,3041470,3041524.0,27938.81550972128,372273710.1363424,0.0,0.0,1000000.0,1862368550.6817122,0.01,1.5,0.0,0.0001,0.0,0.0
453,3041524,3041590.0,24180.774956435955,257479926.36238244,0.0,0.0,1000000.0,1288399631.8119123,0.01,1.5,0.0,0.0001,0.0,0.0
454,3041590,3042547.0,8939.623548549007,40987034.02826418,0.0,0.0,1000000.0,205935170.14132088,0.01,1.5,0.0,0.0001,0.0,0.0
455,3041662,3041994.0,4093.9531504630872,18150742.998222426,0.0,0.0,1000000.0,91753714.99111213,0.01,1.5,0.0,0.0001,0.0,0.0
456,3041994,3043656.0,44608.85575316392,230613393.99712983,0.0,0.0,1000000.0,1154066969.985649,0.01,1.5,0.0,0.0001,0.0,0.0
457,3042322,7007701.0,23544.50747206729,174467926.8162962,0.0,0.0,1000000.0,873339634.081481,0.01,1.5,0.0,0.0001,0.0,0.0
458,3042349,7007701.0,1.0,34173925.57226529,0.0,0.0,1000000.0,171869627.86132646,0.01,1.5,0.0,0.0001,0.0,0.0
459,3042385,3042492.0,6081.941090829741,439460944.1942683,0.0,0.0,1000000.0,2198304720.9713416,0.01,1.5,0.0,0.0001,0.0,0.0
460,3042492,3042714.0,42698.36190572333,643424196.9215288,0.0,0.0,1000000.0,3218120984.607644,0.01,1.5,0.0,0.0001,0.0,0.0
461,3042547,3042696.0,80438.08614520071,697711691.3167348,0.0,0.0,1000000.0,3489558456.583674,0.01,1.5,0.0,0.0001,0.0,0.0
462,3042696,3043656.0,51234.46162492589,317791008.2468887,0.0,0.0,1000000.0,1589955041.2344434,0.01,1.5,0.0,0.0001,0.0,0.0
463,3042714,3043042.0,53338.34906704241,999153779.0211104,0.0,0.0,1000000.0,4996768895.105552,0.01,1.5,0.0,0.0001,0.0,0.0
464,3043042,3044473.0,49281.33625776455,701672826.438899,0.0,0.0,1000000.0,3509364132.194495,0.01,1.5,0.0,0.0001,0.0,0.0
465,3043656,3043671.0,86146.86039780708,1408568401.5888298,0.0,0.0,1000000.0,7043842007.944149,0.01,1.5,0.0,0.0001,0.0,0.0
466,3043671,3043814.0,35496.70504606338,407051542.9445538,0.0,0.0,1000000.0,2036257714.722769,0.01,1.5,0.0,0.0001,0.0,0.0
467,3043814,3043846.0,51564.98613481575,493311002.2855912,0.0,0.0,1000000.0,2467555011.427956,0.01,1.5,0.0,0.0001,0.0,0.0
468,3043846,3043986.0,43118.67539385021,195671156.58090505,0.0,0.0,1000000.0,979355782.9045253,0.01,1.5,0.0,0.0001,0.0,0.0
469,3043986,3043998.0,68.46003228927385,109039.02422010367,0.0,0.0,1000000.0,1545195.1211005184,0.01,1.5,0.0,0.0001,0.0,0.0
470,3043998,3044010.0,26997.08312419912,192730876.58199075,0.0,0.0,1000000.0,964654382.9099537,0.01,1.5,0.0,0.0001,0.0,0.0
471,3044010,3044016.0,74945.19702303885,1070587294.6577468,0.0,0.0,1000000.0,5353936473.288734,0.01,1.5,0.0,0.0001,0.0,0.0
472,3044016,3044021.0,19499.21346037867,306717819.36724883,0.0,0.0,1000000.0,1534589096.836244,0.01,1.5,0.0,0.0001,0.0,0.0
473,3044021,3044041.0,22453.563839271093,197286665.8958135,0.0,0.0,1000000.0,987433329.4790674,0.01,1.5,0.0,0.0001,0.0,0.0
474,3044041,3044047.0,6567.346325935821,49708932.80694046,0.0,0.0,1000000.0,249544664.0347023,0.01,1.5,0.0,0.0001,0.0,0.0
475,3044047,3044054.0,8540.875223835623,21396492.52217262,0.0,0.0,1000000.0,107982462.61086309,0.01,1.5,0.0,0.0001,0.0,0.0
476,3044054,3044061.0,33221.96542568924,443837978.2520304,0.0,0.0,1000000.0,2220189891.260152,0.01,1.5,0.0,0.0001,0.0,0.0
477,3044061,3044172.0,22143.902892575785,164036459.30111402,0.0,0.0,1000000.0,821182296.5055702,0.01,1.5,0.0,0.0001,0.0,0.0
478,3044172,3044176.0,8152.71271708036,24843381.127720173,0.0,0.0,1000000.0,125216905.63860087,0.01,1.5,0.0,0.0001,0.0,0.0
479,3044176,3044181.0,25162.76625957224,342675797.6262632,0.0,0.0,1000000.0,1714378988.131316,0.01,1.5,0.0,0.0001,0.0,0.0
480,3044181,3044184.0,1398.651913140934,1987052.2696013583,0.0,0.0,1000000.0,10935261.348006792,0.01,1.5,0.0,0.0001,0.0,0.0
481,3044184,3044194.0,9607.135872260502,49808223.60972826,0.0,0.0,1000000.0,250041118.04864132,0.01,1.5,0.0,0.0001,0.0,0.0
482,3044194,3044202.0,14621.83512023247,111908827.58827835,0.0,0.0,1000000.0,560544137.9413917,0.01,1.5,0.0,0.0001,0.0,0.0
483,3044202,3044204.0,38683.2313241039,666892815.7710093,0.0,0.0,1000000.0,3335464078.8550467,0.01,1.5,0.0,0.0001,0.0,0.0
484,3044204,3044231.0,14609.961169522596,55241809.76389542,0.0,0.0,1000000.0,277209048.8194771,0.01,1.5,0.0,0.0001,0.0,0.0
485,3044231,3044254.0,102230.7915862336,1375251710.6228411,0.0,0.0,1000000.0,6877258553.114205,0.01,1.5,0.0,0.0001,0.0,0.0
486,3044254,3044270.0,11862.35370510576,44533206.0249792,0.0,0.0,1000000.0,223666030.124896,0.01,1.5,0.0,0.0001,0.0,0.0
487,3044270,3044278.0,87043.46048257011,939511504.025604,0.0,0.0,1000000.0,4698557520.12802,0.01,1.5,0.0,0.0001,0.0,0.0
488,3044278,3044473.0,12530.84663262243,40633782.276521,0.0,0.0,1000000.0,204168911.382605,0.01,1.5,0.0,0.0001,0.0,0.0
489,3044473,3044475.0,21648.59203366447,193869039.44904757,0.0,0.0,1000000.0,970345197.2452378,0.01,1.5,0.0,0.0001,0.0,0.0
490,3044475,3044480.0,24354.492491231867,235521230.96764404,0.0,0.0,1000000.0,1178606154.8382201,0.01,1.5,0.0,0.0001,0.0,0.0
491,3044480,3044486.0,27820.034163970045,312608469.4410908,0.0,0.0,1000000.0,1564042347.205454,0.01,1.5,0.0,0.0001,0.0,0.0
492,3044486,3044489.0,83309.79411286415,1096131125.0027995,0.0,0.0,1000000.0,5481655625.013998,0.01,1.5,0.0,0.0001,0.0,0.0
493,3044489,3044492.0,3920.8661250037367,17572436.384895433,0.0,0.0,1000000.0,88862181.92447716,0.01,1.5,0.0,0.0001,0.0,0.0
494,3044492,3044518.0,60769.59847312447,617882912.5205904,0.0,0.0,1000000.0,3090414562.602952,0.01,1.5,0.0,0.0001,0.0,0.0
495,3044518,3044523.0,18166.44403332169,224331365.1177484,0.0,0.0,1000000.0,1122656825.588742,0.01,1.5,0.0,0.0001,0.0,0.0
496,3044523,3044527.0,39666.51947141432,509215470.1632952,0.0,0.0,1000000.0,2547077350.816476,0.01,1.5,0.0,0.0001,0.0,0.0
497,3044527,3044529.0,52442.023535273496,351437568.4730909,0.0,0.0,1000000.0,1758187842.3654544,0.01,1.5,0.0,0.0001,0.0,0.0
498,3044529,-9999.0,12608.73412587952,155380487.94494334,0.0,0.0,1000000.0,777902439.7247167,0.01,1.5,0.0,0.0001,0.0,0.0
